r1,r2,r3,r4,r5,r6,r7,r8,r9,z1,z2,z3,dt1,dt2,time,study,arm,pfs,os,study_intervention
27,0,0,26,0,0,23,2,1,27,26,26,1,2,1,1,2,1,1,Yang_2014 Pemetrexed+Cisplatin (EGFR+).xlsx
23,2,1,23,1,2,22,2,2,26,26,26,1,2,3,1,2,0.88,0.922,Yang_2014 Pemetrexed+Cisplatin (EGFR+).xlsx
22,2,2,21,3,2,21,2,3,26,26,26,1,2,5,1,2,0.8,0.922,Yang_2014 Pemetrexed+Cisplatin (EGFR+).xlsx
21,2,3,20,3,3,20,1,5,26,26,26,1,2,7,1,2,0.768,0.884,Yang_2014 Pemetrexed+Cisplatin (EGFR+).xlsx
20,1,5,17,4,5,15,6,5,26,26,26,1,2,9,1,2,0.667,0.806,Yang_2014 Pemetrexed+Cisplatin (EGFR+).xlsx
15,6,5,15,6,5,13,8,5,26,26,26,1,2,11,1,2,0.562,0.806,Yang_2014 Pemetrexed+Cisplatin (EGFR+).xlsx
13,8,5,12,9,5,12,8,6,26,26,26,1,2,13,1,2,0.469,0.806,Yang_2014 Pemetrexed+Cisplatin (EGFR+).xlsx
12,8,6,12,8,6,12,7,7,26,26,26,1,2,15,1,2,0.469,0.769,Yang_2014 Pemetrexed+Cisplatin (EGFR+).xlsx
12,7,7,12,7,7,12,7,7,26,26,26,1,2,17,1,2,0.467,0.73,Yang_2014 Pemetrexed+Cisplatin (EGFR+).xlsx
12,7,7,12,6,8,12,6,8,26,26,26,1,2,19,1,2,0.467,0.695,Yang_2014 Pemetrexed+Cisplatin (EGFR+).xlsx
12,6,8,12,6,8,10,8,8,26,26,26,1,2,21,1,2,0.467,0.689,Yang_2014 Pemetrexed+Cisplatin (EGFR+).xlsx
10,8,8,10,8,8,10,8,8,26,26,26,1,2,23,1,2,0.391,0.689,Yang_2014 Pemetrexed+Cisplatin (EGFR+).xlsx
10,8,8,10,8,8,10,6,10,26,26,26,1,2,25,1,2,0.39,0.689,Yang_2014 Pemetrexed+Cisplatin (EGFR+).xlsx
10,6,10,10,5,10,9,5,10,26,25,24,1,2,27,1,2,0.39,0.598,Yang_2014 Pemetrexed+Cisplatin (EGFR+).xlsx
9,5,10,9,4,11,7,6,11,24,24,24,1,2,29,1,2,0.39,0.546,Yang_2014 Pemetrexed+Cisplatin (EGFR+).xlsx
7,6,11,7,6,11,5,8,11,24,24,24,1,2,31,1,2,0.291,0.535,Yang_2014 Pemetrexed+Cisplatin (EGFR+).xlsx
25,0,0,24,1,0,23,2,0,25,25,25,1,2,1,1,1,0.973,1,Yang_2014 Gefitinib (EGFR+).xlsx
23,2,0,23,1,1,23,1,1,25,25,25,1,2,3,1,1,0.916,0.956,Yang_2014 Gefitinib (EGFR+).xlsx
23,1,1,22,2,1,21,3,1,25,25,25,1,2,5,1,1,0.864,0.956,Yang_2014 Gefitinib (EGFR+).xlsx
21,3,1,18,4,1,18,4,1,25,23,23,1,2,7,1,1,0.788,0.956,Yang_2014 Gefitinib (EGFR+).xlsx
18,4,1,17,5,1,16,6,1,23,23,23,1,2,9,1,1,0.744,0.956,Yang_2014 Gefitinib (EGFR+).xlsx
16,6,1,16,5,2,14,7,2,23,23,23,1,2,11,1,1,0.699,0.931,Yang_2014 Gefitinib (EGFR+).xlsx
14,7,2,12,8,2,12,7,3,23,22,22,1,2,13,1,1,0.566,0.89,Yang_2014 Gefitinib (EGFR+).xlsx
12,7,3,11,8,3,11,7,4,22,22,22,1,2,15,1,1,0.513,0.844,Yang_2014 Gefitinib (EGFR+).xlsx
11,7,4,8,10,4,8,10,4,22,22,22,1,2,17,1,1,0.36,0.834,Yang_2014 Gefitinib (EGFR+).xlsx
8,10,4,8,9,5,8,9,5,22,22,22,1,2,19,1,1,0.36,0.786,Yang_2014 Gefitinib (EGFR+).xlsx
8,9,5,8,9,5,8,9,5,22,22,22,1,2,21,1,1,0.36,0.785,Yang_2014 Gefitinib (EGFR+).xlsx
8,9,5,8,8,6,8,8,6,22,22,22,1,2,23,1,1,0.36,0.743,Yang_2014 Gefitinib (EGFR+).xlsx
8,8,6,6,9,6,6,9,6,22,21,21,1,2,25,1,1,0.299,0.715,Yang_2014 Gefitinib (EGFR+).xlsx
6,9,6,6,8,7,6,8,7,21,21,21,1,2,27,1,1,0.299,0.646,Yang_2014 Gefitinib (EGFR+).xlsx
6,8,7,6,8,7,5,9,7,21,21,21,1,2,29,1,1,0.298,0.645,Yang_2014 Gefitinib (EGFR+).xlsx
86,0,0,74,1,0,72,3,0,86,75,75,1,2,1,2,1,0.99,1,WJTOG3405 Gefitinib (EGFR+).xlsx
72,3,0,70,5,0,70,5,0,75,75,75,1,2,3,2,1,0.937,0.999,WJTOG3405 Gefitinib (EGFR+).xlsx
70,5,0,65,9,1,43,11,1,75,75,55,1,2,5,2,1,0.868,0.984,WJTOG3405 Gefitinib (EGFR+).xlsx
43,11,1,38,14,3,34,18,3,55,55,55,1,2,7,2,1,0.692,0.95,WJTOG3405 Gefitinib (EGFR+).xlsx
34,18,3,30,21,4,23,27,5,55,55,55,1,2,9,2,1,0.545,0.926,WJTOG3405 Gefitinib (EGFR+).xlsx
23,27,5,14,19,4,14,17,6,55,37,37,1,2,11,2,1,0.383,0.89,WJTOG3405 Gefitinib (EGFR+).xlsx
14,17,6,14,17,6,11,19,7,37,37,37,1,2,13,2,1,0.383,0.825,WJTOG3405 Gefitinib (EGFR+).xlsx
11,19,7,11,19,7,6,12,4,37,37,22,1,2,15,2,1,0.288,0.804,WJTOG3405 Gefitinib (EGFR+).xlsx
6,12,4,6,12,4,5,12,5,22,22,22,1,2,17,2,1,0.263,0.803,WJTOG3405 Gefitinib (EGFR+).xlsx
5,12,5,5,12,5,3,14,5,22,22,22,1,2,19,2,1,0.219,0.768,WJTOG3405 Gefitinib (EGFR+).xlsx
3,14,5,2,10,5,2,10,5,22,17,17,1,2,21,2,1,0.132,0.722,WJTOG3405 Gefitinib (EGFR+).xlsx
2,10,5,2,10,5,2,10,5,17,17,17,1,2,23,2,1,0.132,0.722,WJTOG3405 Gefitinib (EGFR+).xlsx
2,10,5,2,9,6,1,5,3,17,17,9,1,2,25,2,1,0.132,0.666,WJTOG3405 Gefitinib (EGFR+).xlsx
1,5,3,1,5,3,1,4,4,9,9,9,1,2,27,2,1,0.132,0.666,WJTOG3405 Gefitinib (EGFR+).xlsx
86,0,0,71,2,0,66,7,0,86,73,73,1,2,1,2,2,0.973,1,WJTOG3405 Docetaxel+Cisplatin (EGFR+).xlsx
66,7,0,61,12,0,56,17,0,73,73,73,1,2,3,2,2,0.837,1,WJTOG3405 Docetaxel+Cisplatin (EGFR+).xlsx
56,17,0,50,23,0,29,23,1,73,73,53,1,2,5,2,2,0.684,0.998,WJTOG3405 Docetaxel+Cisplatin (EGFR+).xlsx
29,23,1,23,29,1,17,35,1,53,53,53,1,2,7,2,2,0.427,0.986,WJTOG3405 Docetaxel+Cisplatin (EGFR+).xlsx
17,35,1,11,41,1,11,40,2,53,53,53,1,2,9,2,2,0.216,0.986,WJTOG3405 Docetaxel+Cisplatin (EGFR+).xlsx
11,40,2,6,26,2,4,28,2,53,34,34,1,2,11,2,2,0.163,0.947,WJTOG3405 Docetaxel+Cisplatin (EGFR+).xlsx
4,28,2,4,27,3,4,27,3,34,34,34,1,2,13,2,2,0.127,0.922,WJTOG3405 Docetaxel+Cisplatin (EGFR+).xlsx
4,27,3,4,24,6,4,22,8,34,34,34,1,2,15,2,2,0.117,0.829,WJTOG3405 Docetaxel+Cisplatin (EGFR+).xlsx
72,0,0,67,4,0,58,12,1,72,71,71,1,2,1,3,2,0.947,1,OPTIMAL Gemcitabine+Carboplatin (EGFR+).xlsx
58,12,1,54,16,1,48,20,3,71,71,71,1,2,3,3,2,0.76,0.987,OPTIMAL Gemcitabine+Carboplatin (EGFR+).xlsx
48,20,3,30,38,3,20,45,5,71,71,70,1,2,5,3,2,0.417,0.959,OPTIMAL Gemcitabine+Carboplatin (EGFR+).xlsx
20,45,5,17,46,7,14,47,9,70,70,70,1,2,7,3,2,0.24,0.903,OPTIMAL Gemcitabine+Carboplatin (EGFR+).xlsx
14,47,9,9,52,9,5,55,10,70,70,70,1,2,9,3,2,0.127,0.877,OPTIMAL Gemcitabine+Carboplatin (EGFR+).xlsx
82,0,0,79,1,0,76,4,0,82,80,80,1,2,1,3,1,0.988,1,OPTIMAL Erlotinib (EGFR+).xlsx
76,4,0,72,8,0,70,10,0,80,80,80,1,2,3,3,1,0.902,1,OPTIMAL Erlotinib (EGFR+).xlsx
70,10,0,69,10,1,66,11,3,80,80,80,1,2,5,3,1,0.858,0.989,OPTIMAL Erlotinib (EGFR+).xlsx
66,11,3,61,13,6,58,16,6,80,80,80,1,2,7,3,1,0.758,0.926,OPTIMAL Erlotinib (EGFR+).xlsx
58,16,6,54,19,7,51,20,9,80,80,80,1,2,9,3,1,0.67,0.913,OPTIMAL Erlotinib (EGFR+).xlsx
51,20,9,48,21,11,46,22,12,80,80,80,1,2,11,3,1,0.595,0.864,OPTIMAL Erlotinib (EGFR+).xlsx
46,22,12,41,26,13,37,29,14,80,80,80,1,2,13,3,1,0.511,0.838,OPTIMAL Erlotinib (EGFR+).xlsx
37,29,14,34,29,17,31,28,21,80,80,80,1,2,15,3,1,0.422,0.789,OPTIMAL Erlotinib (EGFR+).xlsx
114,0,0,106,7,0,97,15,1,114,113,113,1,2,1,4,2,0.941,0.997,NEJ002 Paclitaxel+Carboplatin (EGFR+).xlsx
97,15,1,89,22,2,80,31,2,113,113,113,1,2,3,4,2,0.785,0.986,NEJ002 Paclitaxel+Carboplatin (EGFR+).xlsx
80,31,2,66,45,2,44,67,2,113,113,113,1,2,5,4,2,0.58,0.984,NEJ002 Paclitaxel+Carboplatin (EGFR+).xlsx
44,67,2,28,81,4,19,89,5,113,113,113,1,2,7,4,2,0.244,0.961,NEJ002 Paclitaxel+Carboplatin (EGFR+).xlsx
19,89,5,10,96,7,7,96,10,113,113,113,1,2,9,4,2,0.088,0.94,NEJ002 Paclitaxel+Carboplatin (EGFR+).xlsx
7,96,10,5,94,14,4,95,14,113,113,113,1,2,11,4,2,0.048,0.878,NEJ002 Paclitaxel+Carboplatin (EGFR+).xlsx
114,0,0,109,4,1,104,6,3,114,114,113,1,2,1,4,1,0.96,0.993,NEJ002 Gefitinib (EGFR+).xlsx
104,6,3,95,15,3,93,17,3,113,113,113,1,2,3,4,1,0.842,0.97,NEJ002 Gefitinib (EGFR+).xlsx
93,17,3,89,20,4,87,21,5,113,113,113,1,2,5,4,1,0.788,0.964,NEJ002 Gefitinib (EGFR+).xlsx
87,21,5,77,30,6,71,34,8,113,113,113,1,2,7,4,1,0.677,0.951,NEJ002 Gefitinib (EGFR+).xlsx
71,34,8,64,40,9,62,41,10,113,113,113,1,2,9,4,1,0.57,0.922,NEJ002 Gefitinib (EGFR+).xlsx
62,41,10,54,45,14,49,47,17,113,113,113,1,2,11,4,1,0.481,0.878,NEJ002 Gefitinib (EGFR+).xlsx
49,47,17,36,47,15,34,47,17,113,98,98,1,2,13,4,1,0.368,0.846,NEJ002 Gefitinib (EGFR+).xlsx
34,47,17,29,51,18,27,50,21,98,98,98,1,2,15,4,1,0.3,0.815,NEJ002 Gefitinib (EGFR+).xlsx
27,50,21,23,54,21,21,54,23,98,98,98,1,2,17,4,1,0.236,0.788,NEJ002 Gefitinib (EGFR+).xlsx
21,54,23,19,55,24,18,54,26,98,98,98,1,2,19,4,1,0.195,0.752,NEJ002 Gefitinib (EGFR+).xlsx
18,54,26,15,54,29,14,52,32,98,98,98,1,2,21,4,1,0.153,0.706,NEJ002 Gefitinib (EGFR+).xlsx
14,52,32,11,49,38,8,49,41,98,98,98,1,2,23,4,1,0.113,0.613,NEJ002 Gefitinib (EGFR+).xlsx
159,0,0,149,10,0,140,14,5,159,159,159,1,2,1,5,1,0.94,0.999,LUXlung_7 Gefitinib (EGFR+).xlsx
140,14,5,137,15,7,125,25,9,159,159,159,1,2,3,5,1,0.862,0.955,LUXlung_7 Gefitinib (EGFR+).xlsx
125,25,9,124,25,10,117,30,12,159,159,159,1,2,5,5,1,0.782,0.935,LUXlung_7 Gefitinib (EGFR+).xlsx
117,30,12,115,31,13,97,46,16,159,159,159,1,2,7,5,1,0.721,0.918,LUXlung_7 Gefitinib (EGFR+).xlsx
97,46,16,93,48,18,85,55,18,159,159,158,1,2,9,5,1,0.587,0.885,LUXlung_7 Gefitinib (EGFR+).xlsx
85,55,18,67,69,22,64,68,26,158,158,158,1,2,11,5,1,0.427,0.858,LUXlung_7 Gefitinib (EGFR+).xlsx
64,68,26,48,80,29,46,78,33,158,157,157,1,2,13,5,1,0.307,0.815,LUXlung_7 Gefitinib (EGFR+).xlsx
46,78,33,31,87,39,31,77,49,157,157,157,1,2,15,5,1,0.197,0.754,LUXlung_7 Gefitinib (EGFR+).xlsx
31,77,49,31,74,52,24,79,54,157,157,157,1,2,17,5,1,0.195,0.667,LUXlung_7 Gefitinib (EGFR+).xlsx
24,79,54,21,78,58,20,73,64,157,157,157,1,2,19,5,1,0.135,0.63,LUXlung_7 Gefitinib (EGFR+).xlsx
20,73,64,16,74,67,16,70,70,157,157,156,1,2,21,5,1,0.103,0.573,LUXlung_7 Gefitinib (EGFR+).xlsx
16,70,70,13,71,72,11,68,77,156,156,156,1,2,23,5,1,0.083,0.536,LUXlung_7 Gefitinib (EGFR+).xlsx
11,68,77,11,64,81,10,62,84,156,156,156,1,2,25,5,1,0.073,0.479,LUXlung_7 Gefitinib (EGFR+).xlsx
10,62,84,8,62,86,8,60,88,156,156,156,1,2,27,5,1,0.05,0.446,LUXlung_7 Gefitinib (EGFR+).xlsx
8,60,88,8,56,92,8,52,96,156,156,156,1,2,29,5,1,0.049,0.409,LUXlung_7 Gefitinib (EGFR+).xlsx
160,0,0,149,8,3,147,9,4,160,160,160,1,2,1,5,2,0.934,0.979,LUXlung_7 Afatinib (EGFR+).xlsx
147,9,4,147,7,6,136,18,6,160,160,160,1,2,3,5,2,0.916,0.962,LUXlung_7 Afatinib (EGFR+).xlsx
136,18,6,135,18,7,122,29,9,160,160,160,1,2,5,5,2,0.844,0.955,LUXlung_7 Afatinib (EGFR+).xlsx
122,29,9,122,29,9,105,44,11,160,160,160,1,2,7,5,2,0.763,0.945,LUXlung_7 Afatinib (EGFR+).xlsx
105,44,11,104,44,12,95,49,16,160,160,160,1,2,9,5,2,0.653,0.922,LUXlung_7 Afatinib (EGFR+).xlsx
95,49,16,82,58,20,76,63,21,160,160,160,1,2,11,5,2,0.515,0.878,LUXlung_7 Afatinib (EGFR+).xlsx
76,63,21,65,69,25,62,66,31,160,159,159,1,2,13,5,2,0.406,0.841,LUXlung_7 Afatinib (EGFR+).xlsx
62,66,31,55,70,34,55,66,38,159,159,159,1,2,15,5,2,0.349,0.784,LUXlung_7 Afatinib (EGFR+).xlsx
55,66,38,54,60,45,43,68,48,159,159,159,1,2,17,5,2,0.341,0.717,LUXlung_7 Afatinib (EGFR+).xlsx
43,68,48,42,63,54,39,66,54,159,159,159,1,2,19,5,2,0.263,0.66,LUXlung_7 Afatinib (EGFR+).xlsx
39,66,54,32,72,55,31,69,57,159,159,157,1,2,21,5,2,0.201,0.651,LUXlung_7 Afatinib (EGFR+).xlsx
31,69,57,25,73,59,25,69,62,157,157,156,1,2,23,5,2,0.162,0.626,LUXlung_7 Afatinib (EGFR+).xlsx
25,69,62,23,66,65,21,62,71,156,154,154,1,2,25,5,2,0.15,0.579,LUXlung_7 Afatinib (EGFR+).xlsx
21,62,71,21,60,73,19,57,78,154,154,154,1,2,27,5,2,0.135,0.527,LUXlung_7 Afatinib (EGFR+).xlsx
19,57,78,16,58,80,16,57,81,154,154,154,1,2,29,5,2,0.102,0.481,LUXlung_7 Afatinib (EGFR+).xlsx
16,57,81,15,50,84,15,50,84,154,149,149,1,2,31,5,2,0.102,0.436,LUXlung_7 Afatinib (EGFR+).xlsx
122,0,0,117,0,2,109,7,3,122,119,119,1,2,1,6,2,0.987,0.984,LUXlung_6 Gemcitabine+Cisplatin (EGFR+).xlsx
109,7,3,100,13,6,87,21,10,119,119,118,1,2,3,6,2,0.843,0.949,LUXlung_6 Gemcitabine+Cisplatin (EGFR+).xlsx
87,21,10,72,33,13,50,54,14,118,118,118,1,2,5,6,2,0.61,0.887,LUXlung_6 Gemcitabine+Cisplatin (EGFR+).xlsx
50,54,14,33,67,17,30,69,18,118,117,117,1,2,7,6,2,0.278,0.854,LUXlung_6 Gemcitabine+Cisplatin (EGFR+).xlsx
30,69,18,19,78,20,5,89,23,117,117,117,1,2,9,6,2,0.163,0.828,LUXlung_6 Gemcitabine+Cisplatin (EGFR+).xlsx
242,0,0,240,1,1,231,9,2,242,242,242,1,2,1,6,1,0.99,0.994,LUXlung_6 Afatinib (EGFR+).xlsx
231,9,2,224,14,4,221,16,5,242,242,242,1,2,3,6,1,0.925,0.984,LUXlung_6 Afatinib (EGFR+).xlsx
221,16,5,205,25,12,185,39,18,242,242,242,1,2,5,6,1,0.846,0.951,LUXlung_6 Afatinib (EGFR+).xlsx
185,39,18,172,49,21,164,52,26,242,242,242,1,2,7,6,1,0.712,0.912,LUXlung_6 Afatinib (EGFR+).xlsx
164,52,26,147,64,31,128,73,41,242,242,242,1,2,9,6,1,0.606,0.871,LUXlung_6 Afatinib (EGFR+).xlsx
128,73,41,121,76,45,113,77,52,242,242,242,1,2,11,6,1,0.5,0.815,LUXlung_6 Afatinib (EGFR+).xlsx
113,77,52,109,78,55,83,99,60,242,242,242,1,2,13,6,1,0.45,0.773,LUXlung_6 Afatinib (EGFR+).xlsx
83,99,60,81,94,67,81,87,72,242,242,240,1,2,15,6,1,0.336,0.725,LUXlung_6 Afatinib (EGFR+).xlsx
81,87,72,66,93,81,63,91,86,240,240,240,1,2,17,6,1,0.274,0.663,LUXlung_6 Afatinib (EGFR+).xlsx
63,91,86,58,90,90,50,88,100,240,238,238,1,2,19,6,1,0.245,0.621,LUXlung_6 Afatinib (EGFR+).xlsx
50,88,100,50,78,110,44,79,115,238,238,238,1,2,21,6,1,0.21,0.537,LUXlung_6 Afatinib (EGFR+).xlsx
115,0,0,107,3,1,98,12,1,115,111,111,1,2,1,7,2,0.962,0.995,LUXlung_3 Pemetrexed+Cisplatin (EGFR+).xlsx
98,12,1,84,25,2,79,28,2,111,111,109,1,2,3,7,2,0.759,0.983,LUXlung_3 Pemetrexed+Cisplatin (EGFR+).xlsx
79,28,2,75,29,5,59,43,7,109,109,109,1,2,5,7,2,0.689,0.956,LUXlung_3 Pemetrexed+Cisplatin (EGFR+).xlsx
59,43,7,54,43,10,49,48,10,109,107,107,1,2,7,7,2,0.506,0.909,LUXlung_3 Pemetrexed+Cisplatin (EGFR+).xlsx
49,48,10,37,58,12,30,62,14,107,107,106,1,2,9,7,2,0.35,0.891,LUXlung_3 Pemetrexed+Cisplatin (EGFR+).xlsx
30,62,14,25,65,16,22,67,17,106,106,106,1,2,11,7,2,0.239,0.852,LUXlung_3 Pemetrexed+Cisplatin (EGFR+).xlsx
22,67,17,21,66,19,17,69,20,106,106,106,1,2,13,7,2,0.195,0.825,LUXlung_3 Pemetrexed+Cisplatin (EGFR+).xlsx
17,69,20,17,61,28,17,58,30,106,106,105,1,2,15,7,2,0.164,0.738,LUXlung_3 Pemetrexed+Cisplatin (EGFR+).xlsx
230,0,0,217,8,1,206,15,5,230,226,226,1,2,1,7,1,0.962,0.996,LUXlung_3 Afatinib (EGFR+).xlsx
206,15,5,187,32,6,179,35,8,226,225,222,1,2,3,7,1,0.83,0.973,LUXlung_3 Afatinib (EGFR+).xlsx
179,35,8,168,42,12,160,46,16,222,222,222,1,2,5,7,1,0.755,0.944,LUXlung_3 Afatinib (EGFR+).xlsx
160,46,16,151,53,17,148,49,24,222,221,221,1,2,7,7,1,0.682,0.921,LUXlung_3 Afatinib (EGFR+).xlsx
148,49,24,131,63,27,120,69,32,221,221,221,1,2,9,7,1,0.592,0.876,LUXlung_3 Afatinib (EGFR+).xlsx
120,69,32,114,74,33,103,82,36,221,221,221,1,2,11,7,1,0.516,0.85,LUXlung_3 Afatinib (EGFR+).xlsx
103,82,36,102,80,39,82,95,44,221,221,221,1,2,13,7,1,0.46,0.823,LUXlung_3 Afatinib (EGFR+).xlsx
82,95,44,82,92,47,79,89,51,221,221,219,1,2,15,7,1,0.371,0.788,LUXlung_3 Afatinib (EGFR+).xlsx
79,89,51,61,98,60,59,95,65,219,219,219,1,2,17,7,1,0.278,0.726,LUXlung_3 Afatinib (EGFR+).xlsx
59,95,65,57,93,69,36,107,75,219,219,218,1,2,19,7,1,0.261,0.685,LUXlung_3 Afatinib (EGFR+).xlsx
36,107,75,36,103,79,32,105,81,218,218,218,1,2,21,7,1,0.166,0.639,LUXlung_3 Afatinib (EGFR+).xlsx
132,0,0,129,1,2,126,4,2,132,132,132,1,2,1,8,1,0.992,0.988,IPASS Gefitinib (EGFR+).xlsx
126,4,2,112,17,2,105,20,6,132,131,131,1,2,3,8,1,0.857,0.983,IPASS Gefitinib (EGFR+).xlsx
105,20,6,98,25,6,90,32,7,131,129,129,1,2,5,8,1,0.761,0.952,IPASS Gefitinib (EGFR+).xlsx
90,32,7,75,47,7,72,49,8,129,129,129,1,2,7,8,1,0.579,0.944,IPASS Gefitinib (EGFR+).xlsx
72,49,8,67,47,15,57,55,17,129,129,129,1,2,9,8,1,0.519,0.886,IPASS Gefitinib (EGFR+).xlsx
57,55,17,51,58,19,40,63,25,129,128,128,1,2,11,8,1,0.397,0.85,IPASS Gefitinib (EGFR+).xlsx
40,63,25,36,63,27,24,69,33,128,126,126,1,2,13,8,1,0.289,0.784,IPASS Gefitinib (EGFR+).xlsx
24,69,33,22,68,36,22,66,38,126,126,126,1,2,15,8,1,0.173,0.713,IPASS Gefitinib (EGFR+).xlsx
22,66,38,12,70,39,6,71,44,126,121,121,1,2,17,8,1,0.102,0.675,IPASS Gefitinib (EGFR+).xlsx
6,71,44,6,69,46,6,63,52,121,121,121,1,2,19,8,1,0.046,0.622,IPASS Gefitinib (EGFR+).xlsx
129,0,0,125,1,3,115,9,5,129,129,129,1,2,1,8,2,0.97,0.98,IPASS Carboplatin+Paclitaxel (EGFR+).xlsx
115,9,5,105,19,5,100,23,6,129,129,129,1,2,3,8,2,0.816,0.96,IPASS Carboplatin+Paclitaxel (EGFR+).xlsx
100,23,6,88,31,8,63,55,9,129,127,127,1,2,5,8,2,0.696,0.938,IPASS Carboplatin+Paclitaxel (EGFR+).xlsx
63,55,9,49,67,10,37,75,14,127,126,126,1,2,7,8,2,0.385,0.919,IPASS Carboplatin+Paclitaxel (EGFR+).xlsx
37,75,14,24,84,18,17,85,24,126,126,126,1,2,9,8,2,0.193,0.861,IPASS Carboplatin+Paclitaxel (EGFR+).xlsx
17,85,24,14,85,27,10,85,31,126,126,126,1,2,11,8,2,0.11,0.785,IPASS Carboplatin+Paclitaxel (EGFR+).xlsx
10,85,31,8,84,34,6,79,41,126,126,126,1,2,13,8,2,0.067,0.73,IPASS Carboplatin+Paclitaxel (EGFR+).xlsx
41,0,0,41,0,0,41,0,0,41,41,41,1,2,1,9,1,1,1,Han_2017 Gefitinib (EGFR+).xlsx
41,0,0,40,1,0,38,3,0,41,41,41,1,2,3,9,1,0.967,1,Han_2017 Gefitinib (EGFR+).xlsx
38,3,0,36,5,0,31,9,1,41,41,41,1,2,5,9,1,0.884,1,Han_2017 Gefitinib (EGFR+).xlsx
31,9,1,29,11,1,27,13,1,41,41,41,1,2,7,9,1,0.702,0.974,Han_2017 Gefitinib (EGFR+).xlsx
27,13,1,25,14,2,22,17,2,41,41,41,1,2,9,9,1,0.604,0.95,Han_2017 Gefitinib (EGFR+).xlsx
22,17,2,22,16,3,18,19,4,41,41,41,1,2,11,9,1,0.533,0.936,Han_2017 Gefitinib (EGFR+).xlsx
18,19,4,14,20,7,13,21,7,41,41,41,1,2,13,9,1,0.339,0.831,Han_2017 Gefitinib (EGFR+).xlsx
13,21,7,12,22,7,10,22,9,41,41,41,1,2,15,9,1,0.291,0.821,Han_2017 Gefitinib (EGFR+).xlsx
10,22,9,9,23,9,8,22,11,41,41,41,1,2,17,9,1,0.219,0.772,Han_2017 Gefitinib (EGFR+).xlsx
8,22,11,8,19,14,8,17,16,41,41,41,1,2,19,9,1,0.192,0.654,Han_2017 Gefitinib (EGFR+).xlsx
8,17,16,7,18,16,6,19,16,41,41,41,1,2,21,9,1,0.167,0.603,Han_2017 Gefitinib (EGFR+).xlsx
6,19,16,6,17,18,5,17,19,41,41,41,1,2,23,9,1,0.145,0.565,Han_2017 Gefitinib (EGFR+).xlsx
5,17,19,4,18,19,4,16,21,41,41,41,1,2,25,9,1,0.108,0.529,Han_2017 Gefitinib (EGFR+).xlsx
4,16,21,4,14,23,4,14,23,41,41,41,1,2,27,9,1,0.097,0.451,Han_2017 Gefitinib (EGFR+).xlsx
4,14,23,3,13,25,3,11,27,41,41,41,1,2,29,9,1,0.071,0.392,Han_2017 Gefitinib (EGFR+).xlsx
3,11,27,3,8,30,3,7,31,41,41,41,1,2,31,9,1,0.071,0.266,Han_2017 Gefitinib (EGFR+).xlsx
3,7,31,3,7,31,3,7,31,41,41,41,1,2,33,9,1,0.071,0.233,Han_2017 Gefitinib (EGFR+).xlsx
40,0,0,37,3,0,34,6,0,40,40,40,1,2,1,9,2,0.93,1,Han_2017 Carboplatin+Pemetrexed (EGFR+).xlsx
34,6,0,29,10,1,26,13,1,40,40,40,1,2,3,9,2,0.735,0.973,Han_2017 Carboplatin+Pemetrexed (EGFR+).xlsx
26,13,1,23,15,2,17,21,2,40,40,40,1,2,5,9,2,0.571,0.95,Han_2017 Carboplatin+Pemetrexed (EGFR+).xlsx
17,21,2,14,21,4,9,25,5,40,39,39,1,2,7,9,2,0.367,0.898,Han_2017 Carboplatin+Pemetrexed (EGFR+).xlsx
9,25,5,8,25,6,7,24,7,39,39,38,1,2,9,9,2,0.208,0.853,Han_2017 Carboplatin+Pemetrexed (EGFR+).xlsx
7,24,7,7,23,8,6,24,8,38,38,38,1,2,11,9,2,0.19,0.799,Han_2017 Carboplatin+Pemetrexed (EGFR+).xlsx
6,24,8,6,23,9,4,25,9,38,38,38,1,2,13,9,2,0.145,0.767,Han_2017 Carboplatin+Pemetrexed (EGFR+).xlsx
4,25,9,2,27,9,2,25,11,38,38,38,1,2,15,9,2,0.052,0.751,Han_2017 Carboplatin+Pemetrexed (EGFR+).xlsx
2,25,11,2,24,12,2,24,12,38,38,38,1,2,17,9,2,0.052,0.675,Han_2017 Carboplatin+Pemetrexed (EGFR+).xlsx
2,24,12,2,23,13,2,23,13,38,38,38,1,2,19,9,2,0.052,0.661,Han_2017 Carboplatin+Pemetrexed (EGFR+).xlsx
279,0,0,277,1,0,274,2,2,279,278,278,1,2,1,10,2,0.998,1,FLAURA Osimertinib (EGFR+).xlsx
274,2,2,267,9,2,260,10,4,278,278,274,1,2,3,10,2,0.961,0.994,FLAURA Osimertinib (EGFR+).xlsx
260,10,4,253,16,5,238,31,5,274,274,274,1,2,5,10,2,0.922,0.982,FLAURA Osimertinib (EGFR+).xlsx
238,31,5,228,34,11,227,27,19,274,273,273,1,2,7,10,2,0.836,0.959,FLAURA Osimertinib (EGFR+).xlsx
227,27,19,209,43,21,192,54,27,273,273,273,1,2,9,10,2,0.766,0.924,FLAURA Osimertinib (EGFR+).xlsx
192,54,27,187,58,28,178,65,30,273,273,273,1,2,11,10,2,0.685,0.897,FLAURA Osimertinib (EGFR+).xlsx
178,65,30,164,78,30,156,79,36,273,272,271,1,2,13,10,2,0.602,0.89,FLAURA Osimertinib (EGFR+).xlsx
156,79,36,153,79,39,102,57,28,271,271,187,1,2,15,10,2,0.564,0.855,FLAURA Osimertinib (EGFR+).xlsx
102,57,28,94,61,32,94,60,33,187,187,187,1,2,17,10,2,0.505,0.829,FLAURA Osimertinib (EGFR+).xlsx
94,60,33,54,36,23,54,34,25,187,113,113,1,2,19,10,2,0.481,0.795,FLAURA Osimertinib (EGFR+).xlsx
277,0,0,268,3,2,255,12,6,277,273,273,1,2,1,10,1,0.981,0.992,FLAURA EGFR_TKI (EGFR+).xlsx
255,12,6,245,18,10,238,20,12,273,273,270,1,2,3,10,1,0.898,0.964,FLAURA EGFR_TKI (EGFR+).xlsx
238,20,12,224,28,18,203,48,19,270,270,270,1,2,5,10,1,0.828,0.934,FLAURA EGFR_TKI (EGFR+).xlsx
203,48,19,179,69,20,175,70,23,270,268,268,1,2,7,10,1,0.669,0.925,FLAURA EGFR_TKI (EGFR+).xlsx
175,70,23,145,92,31,126,103,37,268,268,266,1,2,9,10,1,0.541,0.884,FLAURA EGFR_TKI (EGFR+).xlsx
126,103,37,117,108,41,110,108,48,266,266,266,1,2,11,10,1,0.44,0.846,FLAURA EGFR_TKI (EGFR+).xlsx
110,108,48,93,113,51,82,121,54,266,257,257,1,2,13,10,1,0.36,0.802,FLAURA EGFR_TKI (EGFR+).xlsx
82,121,54,81,119,56,48,85,44,257,256,177,1,2,15,10,1,0.318,0.78,FLAURA EGFR_TKI (EGFR+).xlsx
48,85,44,43,83,51,38,87,52,177,177,177,1,2,17,10,1,0.241,0.711,FLAURA EGFR_TKI (EGFR+).xlsx
16,0,0,16,0,0,15,1,0,16,16,16,1,2,1,11,2,1,1,FirstSIGNAL Gemcitabine+Cisplatin (EGFR+).xlsx
15,1,0,14,2,0,13,3,0,16,16,16,1,2,3,11,2,0.902,1,FirstSIGNAL Gemcitabine+Cisplatin (EGFR+).xlsx
13,3,0,11,5,0,8,8,0,16,16,16,1,2,5,11,2,0.674,0.999,FirstSIGNAL Gemcitabine+Cisplatin (EGFR+).xlsx
8,8,0,6,9,1,6,9,1,16,16,16,1,2,7,11,2,0.397,0.951,FirstSIGNAL Gemcitabine+Cisplatin (EGFR+).xlsx
6,9,1,4,10,2,3,10,3,16,16,16,1,2,9,11,2,0.243,0.863,FirstSIGNAL Gemcitabine+Cisplatin (EGFR+).xlsx
26,0,0,25,1,0,23,3,0,26,26,26,1,2,1,11,1,0.947,1,FirstSIGNAL Gefitinib (EGFR+).xlsx
23,3,0,22,4,0,20,6,0,26,26,26,1,2,3,11,1,0.838,1,FirstSIGNAL Gefitinib (EGFR+).xlsx
20,6,0,18,8,0,18,8,0,26,26,26,1,2,5,11,1,0.703,1,FirstSIGNAL Gefitinib (EGFR+).xlsx
18,8,0,15,11,0,12,13,1,26,26,26,1,2,7,11,1,0.591,0.983,FirstSIGNAL Gefitinib (EGFR+).xlsx
12,13,1,10,13,3,9,13,4,26,26,26,1,2,9,11,1,0.375,0.873,FirstSIGNAL Gefitinib (EGFR+).xlsx
9,13,4,8,13,5,8,11,7,26,26,26,1,2,11,11,1,0.324,0.793,FirstSIGNAL Gefitinib (EGFR+).xlsx
8,11,7,7,10,9,6,11,9,26,26,26,1,2,13,11,1,0.287,0.658,FirstSIGNAL Gefitinib (EGFR+).xlsx
6,11,9,4,13,9,4,13,9,26,26,26,1,2,15,11,1,0.163,0.652,FirstSIGNAL Gefitinib (EGFR+).xlsx
4,13,9,3,14,9,2,15,9,26,26,26,1,2,17,11,1,0.115,0.652,FirstSIGNAL Gefitinib (EGFR+).xlsx
2,15,9,2,15,9,2,14,10,26,26,26,1,2,19,11,1,0.08,0.636,FirstSIGNAL Gefitinib (EGFR+).xlsx
2,14,10,2,14,10,2,14,10,26,26,26,1,2,21,11,1,0.08,0.614,FirstSIGNAL Gefitinib (EGFR+).xlsx
2,14,10,2,14,10,2,14,10,26,26,26,1,2,23,11,1,0.08,0.614,FirstSIGNAL Gefitinib (EGFR+).xlsx
2,14,10,2,14,10,2,13,11,26,26,26,1,2,25,11,1,0.08,0.601,FirstSIGNAL Gefitinib (EGFR+).xlsx
86,0,0,81,1,4,75,3,7,86,86,85,1,2,1,12,1,0.947,0.959,EURTAC Erlotinib (EGFR+).xlsx
75,3,7,70,6,9,68,6,11,85,85,85,1,2,3,12,1,0.824,0.897,EURTAC Erlotinib (EGFR+).xlsx
68,6,11,67,5,13,64,7,14,85,85,85,1,2,5,12,1,0.791,0.849,EURTAC Erlotinib (EGFR+).xlsx
64,7,14,59,11,14,53,17,14,85,84,84,1,2,7,12,1,0.699,0.834,EURTAC Erlotinib (EGFR+).xlsx
53,17,14,46,22,16,42,24,18,84,84,84,1,2,9,12,1,0.546,0.809,EURTAC Erlotinib (EGFR+).xlsx
42,24,18,38,27,19,35,30,19,84,84,84,1,2,11,12,1,0.448,0.773,EURTAC Erlotinib (EGFR+).xlsx
35,30,19,32,31,21,27,30,27,84,84,84,1,2,13,12,1,0.38,0.753,EURTAC Erlotinib (EGFR+).xlsx
27,30,27,27,27,30,24,28,32,84,84,84,1,2,15,12,1,0.319,0.642,EURTAC Erlotinib (EGFR+).xlsx
24,28,32,22,28,34,20,28,36,84,84,84,1,2,17,12,1,0.263,0.6,EURTAC Erlotinib (EGFR+).xlsx
20,28,36,18,29,37,18,27,39,84,84,84,1,2,19,12,1,0.217,0.562,EURTAC Erlotinib (EGFR+).xlsx
18,27,39,18,27,39,17,27,40,84,84,84,1,2,21,12,1,0.216,0.54,EURTAC Erlotinib (EGFR+).xlsx
17,27,40,16,25,42,15,26,42,84,83,83,1,2,23,12,1,0.198,0.493,EURTAC Erlotinib (EGFR+).xlsx
15,26,42,13,24,42,12,22,44,83,79,78,1,2,25,12,1,0.16,0.47,EURTAC Erlotinib (EGFR+).xlsx
12,22,44,12,19,46,9,16,38,78,77,63,1,2,27,12,1,0.16,0.403,EURTAC Erlotinib (EGFR+).xlsx
9,16,38,8,17,38,8,16,39,63,63,63,1,2,29,12,1,0.121,0.391,EURTAC Erlotinib (EGFR+).xlsx
8,16,39,7,14,35,7,13,36,63,56,56,1,2,31,12,1,0.12,0.373,EURTAC Erlotinib (EGFR+).xlsx
7,13,36,7,11,38,4,11,31,56,56,46,1,2,33,12,1,0.12,0.323,EURTAC Erlotinib (EGFR+).xlsx
4,11,31,4,11,31,4,10,32,46,46,46,1,2,35,12,1,0.09,0.322,EURTAC Erlotinib (EGFR+).xlsx
4,10,32,3,11,32,3,11,32,46,46,46,1,2,37,12,1,0.069,0.3,EURTAC Erlotinib (EGFR+).xlsx
87,0,0,76,3,3,66,10,6,87,82,82,1,2,1,12,2,0.924,0.963,EURTAC Chemotherapy (EGFR+).xlsx
66,10,6,64,11,7,59,13,10,82,82,82,1,2,3,12,2,0.778,0.913,EURTAC Chemotherapy (EGFR+).xlsx
59,13,10,44,27,11,29,41,12,82,82,82,1,2,5,12,2,0.532,0.861,EURTAC Chemotherapy (EGFR+).xlsx
29,41,12,21,47,14,15,52,15,82,82,82,1,2,7,12,2,0.254,0.83,EURTAC Chemotherapy (EGFR+).xlsx
15,52,15,9,55,18,9,51,22,82,82,82,1,2,9,12,2,0.114,0.777,EURTAC Chemotherapy (EGFR+).xlsx
9,51,22,7,52,23,7,52,23,82,82,82,1,2,11,12,2,0.09,0.72,EURTAC Chemotherapy (EGFR+).xlsx
7,52,23,6,53,23,4,54,24,82,82,82,1,2,13,12,2,0.072,0.72,EURTAC Chemotherapy (EGFR+).xlsx
107,0,0,94,1,3,90,4,4,107,98,98,1,2,1,13,2,0.957,0.968,ENSURE Gemcitabine+Cisplatin (EGFR+).xlsx
90,4,4,88,6,4,82,12,4,98,98,98,1,2,3,13,2,0.894,0.958,ENSURE Gemcitabine+Cisplatin (EGFR+).xlsx
82,12,4,61,30,7,40,51,7,98,98,98,1,2,5,13,2,0.624,0.927,ENSURE Gemcitabine+Cisplatin (EGFR+).xlsx
40,51,7,38,50,8,38,48,10,98,96,96,1,2,7,13,2,0.395,0.914,ENSURE Gemcitabine+Cisplatin (EGFR+).xlsx
110,0,0,108,1,1,103,5,1,110,110,109,1,2,1,13,1,0.982,0.995,ENSURE Erlotinib (EGFR+).xlsx
103,5,1,98,9,2,95,10,3,109,109,108,1,2,3,13,1,0.895,0.985,ENSURE Erlotinib (EGFR+).xlsx
95,10,3,88,15,5,81,20,7,108,108,108,1,2,5,13,1,0.819,0.958,ENSURE Erlotinib (EGFR+).xlsx
81,20,7,81,20,7,78,19,11,108,108,108,1,2,7,13,1,0.746,0.933,ENSURE Erlotinib (EGFR+).xlsx
78,19,11,59,37,12,57,37,14,108,108,108,1,2,9,13,1,0.543,0.888,ENSURE Erlotinib (EGFR+).xlsx
225,0,0,210,8,1,202,14,3,225,219,219,1,2,1,14,1,0.961,0.996,ARCHER_1050 Gefitinib (EGFR+).xlsx
202,14,3,202,12,5,191,23,5,219,219,219,1,2,3,14,1,0.921,0.975,ARCHER_1050 Gefitinib (EGFR+).xlsx
191,23,5,188,24,7,162,50,7,219,219,219,1,2,5,14,1,0.859,0.969,ARCHER_1050 Gefitinib (EGFR+).xlsx
162,50,7,160,50,7,132,75,10,219,217,217,1,2,7,14,1,0.738,0.969,ARCHER_1050 Gefitinib (EGFR+).xlsx
132,75,10,128,76,13,101,95,21,217,217,217,1,2,9,14,1,0.59,0.942,ARCHER_1050 Gefitinib (EGFR+).xlsx
101,95,21,97,95,25,78,108,31,217,217,217,1,2,11,14,1,0.446,0.884,ARCHER_1050 Gefitinib (EGFR+).xlsx
78,108,31,67,110,36,62,106,45,217,213,213,1,2,13,14,1,0.313,0.83,ARCHER_1050 Gefitinib (EGFR+).xlsx
62,106,45,52,111,50,50,110,53,213,213,213,1,2,15,14,1,0.245,0.766,ARCHER_1050 Gefitinib (EGFR+).xlsx
50,110,53,42,105,66,42,102,69,213,213,213,1,2,17,14,1,0.195,0.691,ARCHER_1050 Gefitinib (EGFR+).xlsx
42,102,69,32,102,65,32,99,68,213,199,199,1,2,19,14,1,0.16,0.673,ARCHER_1050 Gefitinib (EGFR+).xlsx
32,99,68,29,96,74,25,94,80,199,199,199,1,2,21,14,1,0.148,0.626,ARCHER_1050 Gefitinib (EGFR+).xlsx
227,0,0,213,4,3,205,9,6,227,220,220,1,2,1,14,2,0.966,0.985,ARCHER_1050 Dacomitinib (EGFR+).xlsx
205,9,6,203,11,6,193,17,10,220,220,220,1,2,3,14,2,0.922,0.974,ARCHER_1050 Dacomitinib (EGFR+).xlsx
193,17,10,191,17,12,167,38,15,220,220,220,1,2,5,14,2,0.87,0.944,ARCHER_1050 Dacomitinib (EGFR+).xlsx
167,38,15,164,37,16,154,44,19,220,217,217,1,2,7,14,2,0.757,0.926,ARCHER_1050 Dacomitinib (EGFR+).xlsx
154,44,19,153,42,22,136,56,25,217,217,217,1,2,9,14,2,0.706,0.897,ARCHER_1050 Dacomitinib (EGFR+).xlsx
136,56,25,131,59,27,122,65,30,217,217,217,1,2,11,14,2,0.605,0.876,ARCHER_1050 Dacomitinib (EGFR+).xlsx
122,65,30,113,70,32,111,69,35,217,215,215,1,2,13,14,2,0.524,0.852,ARCHER_1050 Dacomitinib (EGFR+).xlsx
111,69,35,101,77,37,99,74,42,215,215,215,1,2,15,14,2,0.472,0.828,ARCHER_1050 Dacomitinib (EGFR+).xlsx
99,74,42,92,78,45,88,79,48,215,215,215,1,2,17,14,2,0.426,0.791,ARCHER_1050 Dacomitinib (EGFR+).xlsx
88,79,48,72,84,51,70,81,55,215,207,206,1,2,19,14,2,0.347,0.755,ARCHER_1050 Dacomitinib (EGFR+).xlsx
70,81,55,67,83,56,65,82,59,206,206,206,1,2,21,14,2,0.324,0.727,ARCHER_1050 Dacomitinib (EGFR+).xlsx
65,82,59,65,77,64,63,75,68,206,206,206,1,2,23,14,2,0.316,0.688,ARCHER_1050 Dacomitinib (EGFR+).xlsx
63,75,68,42,47,48,42,43,52,206,137,137,1,2,25,14,2,0.304,0.65,ARCHER_1050 Dacomitinib (EGFR+).xlsx
42,43,52,42,40,55,42,38,57,137,137,137,1,2,27,14,2,0.304,0.598,ARCHER_1050 Dacomitinib (EGFR+).xlsx
42,38,57,42,37,58,42,35,60,137,137,137,1,2,29,14,2,0.304,0.578,ARCHER_1050 Dacomitinib (EGFR+).xlsx
,,12,,,12,,,12,24,24,24,1,2,35,1,2,,0.491,Yang_2014 Pemetrexed+Cisplatin (EGFR+).xlsx
,,12,,,8,,,8,24,14,14,1,2,37,1,2,,0.431,Yang_2014 Pemetrexed+Cisplatin (EGFR+).xlsx
,,8,,,8,,,9,14,14,14,1,2,39,1,2,,0.431,Yang_2014 Pemetrexed+Cisplatin (EGFR+).xlsx
,,9,,,9,,,9,14,14,14,1,2,41,1,2,,0.358,Yang_2014 Pemetrexed+Cisplatin (EGFR+).xlsx
,,7,,,8,,,8,19,19,19,1,2,33,1,1,,0.593,Yang_2014 Gefitinib (EGFR+).xlsx
,,8,,,8,,,8,19,19,19,1,2,35,1,1,,0.592,Yang_2014 Gefitinib (EGFR+).xlsx
,,8,,,6,,,6,19,15,15,1,2,37,1,1,,0.592,Yang_2014 Gefitinib (EGFR+).xlsx
,,6,,,6,,,6,15,15,15,1,2,39,1,1,,0.592,Yang_2014 Gefitinib (EGFR+).xlsx
,,6,,,6,,,7,15,15,15,1,2,41,1,1,,0.592,Yang_2014 Gefitinib (EGFR+).xlsx
,,7,,,7,,,7,15,15,15,1,2,43,1,1,,0.525,Yang_2014 Gefitinib (EGFR+).xlsx
,,14,,,15,,,16,69,69,68,1,2,13,3,2,,0.786,OPTIMAL Gemcitabine+Carboplatin (EGFR+).xlsx
,,16,,,17,,,18,68,68,68,1,2,15,3,2,,0.754,OPTIMAL Gemcitabine+Carboplatin (EGFR+).xlsx
,,18,,,23,,,24,68,68,68,1,2,17,3,2,,0.655,OPTIMAL Gemcitabine+Carboplatin (EGFR+).xlsx
,,24,,,25,,,26,68,68,68,1,2,19,3,2,,0.628,OPTIMAL Gemcitabine+Carboplatin (EGFR+).xlsx
,,26,,,26,,,26,68,68,68,1,2,21,3,2,,0.618,OPTIMAL Gemcitabine+Carboplatin (EGFR+).xlsx
,,26,,,27,,,28,68,68,68,1,2,23,3,2,,0.605,OPTIMAL Gemcitabine+Carboplatin (EGFR+).xlsx
,,28,,,31,,,31,68,68,68,1,2,25,3,2,,0.549,OPTIMAL Gemcitabine+Carboplatin (EGFR+).xlsx
,,31,,,33,,,35,68,68,68,1,2,27,3,2,,0.513,OPTIMAL Gemcitabine+Carboplatin (EGFR+).xlsx
,,35,,,37,,,38,68,68,68,1,2,29,3,2,,0.461,OPTIMAL Gemcitabine+Carboplatin (EGFR+).xlsx
,,38,,,40,,,42,68,68,68,1,2,31,3,2,,0.414,OPTIMAL Gemcitabine+Carboplatin (EGFR+).xlsx
,,42,,,43,,,44,68,68,68,1,2,33,3,2,,0.37,OPTIMAL Gemcitabine+Carboplatin (EGFR+).xlsx
,,44,,,46,,,46,68,68,68,1,2,35,3,2,,0.325,OPTIMAL Gemcitabine+Carboplatin (EGFR+).xlsx
,,46,,,48,,,48,68,68,68,1,2,37,3,2,,0.292,OPTIMAL Gemcitabine+Carboplatin (EGFR+).xlsx
,,48,,,48,,,48,68,68,68,1,2,39,3,2,,0.292,OPTIMAL Gemcitabine+Carboplatin (EGFR+).xlsx
,,48,,,27,,,27,68,38,38,1,2,41,3,2,,0.292,OPTIMAL Gemcitabine+Carboplatin (EGFR+).xlsx
,,27,,,27,,,27,38,38,38,1,2,43,3,2,,0.292,OPTIMAL Gemcitabine+Carboplatin (EGFR+).xlsx
,,27,,,27,,,27,38,37,37,1,2,45,3,2,,0.271,OPTIMAL Gemcitabine+Carboplatin (EGFR+).xlsx
,,25,,,30,,,31,80,80,80,1,2,19,3,1,,0.631,OPTIMAL Erlotinib (EGFR+).xlsx
,,31,,,34,,,36,80,80,80,1,2,21,3,1,,0.576,OPTIMAL Erlotinib (EGFR+).xlsx
,,36,,,40,,,40,80,80,80,1,2,23,3,1,,0.495,OPTIMAL Erlotinib (EGFR+).xlsx
,,40,,,41,,,42,80,80,79,1,2,25,3,1,,0.493,OPTIMAL Erlotinib (EGFR+).xlsx
,,42,,,43,,,46,79,79,79,1,2,27,3,1,,0.456,OPTIMAL Erlotinib (EGFR+).xlsx
,,46,,,47,,,49,79,78,78,1,2,29,3,1,,0.398,OPTIMAL Erlotinib (EGFR+).xlsx
,,49,,,51,,,52,78,78,78,1,2,31,3,1,,0.345,OPTIMAL Erlotinib (EGFR+).xlsx
,,52,,,53,,,53,78,78,78,1,2,33,3,1,,0.32,OPTIMAL Erlotinib (EGFR+).xlsx
,,53,,,54,,,58,78,78,78,1,2,35,3,1,,0.302,OPTIMAL Erlotinib (EGFR+).xlsx
,,58,,,59,,,61,78,78,78,1,2,37,3,1,,0.241,OPTIMAL Erlotinib (EGFR+).xlsx
,,61,,,62,,,62,78,78,78,1,2,39,3,1,,0.205,OPTIMAL Erlotinib (EGFR+).xlsx
,,16,,,19,,,20,91,91,91,1,2,15,4,2,,0.786,NEJ002 Paclitaxel+Carboplatin (EGFR+).xlsx
,,20,,,20,,,24,91,91,91,1,2,17,4,2,,0.775,NEJ002 Paclitaxel+Carboplatin (EGFR+).xlsx
,,24,,,26,,,27,91,91,90,1,2,19,4,2,,0.717,NEJ002 Paclitaxel+Carboplatin (EGFR+).xlsx
,,27,,,32,,,33,90,90,90,1,2,21,4,2,,0.642,NEJ002 Paclitaxel+Carboplatin (EGFR+).xlsx
,,33,,,35,,,42,90,90,90,1,2,23,4,2,,0.606,NEJ002 Paclitaxel+Carboplatin (EGFR+).xlsx
,,42,,,19,,,19,90,40,39,1,2,25,4,2,,0.529,NEJ002 Paclitaxel+Carboplatin (EGFR+).xlsx
,,19,,,19,,,20,39,39,39,1,2,27,4,2,,0.504,NEJ002 Paclitaxel+Carboplatin (EGFR+).xlsx
,,20,,,20,,,22,39,39,39,1,2,29,4,2,,0.476,NEJ002 Paclitaxel+Carboplatin (EGFR+).xlsx
,,22,,,23,,,23,39,39,39,1,2,31,4,2,,0.418,NEJ002 Paclitaxel+Carboplatin (EGFR+).xlsx
,,23,,,23,,,24,39,39,39,1,2,33,4,2,,0.418,NEJ002 Paclitaxel+Carboplatin (EGFR+).xlsx
,,24,,,24,,,25,39,39,39,1,2,35,4,2,,0.392,NEJ002 Paclitaxel+Carboplatin (EGFR+).xlsx
,,25,,,19,,,19,39,28,28,1,2,37,4,2,,0.323,NEJ002 Paclitaxel+Carboplatin (EGFR+).xlsx
,,19,,,19,,,19,28,27,26,1,2,39,4,2,,0.295,NEJ002 Paclitaxel+Carboplatin (EGFR+).xlsx
,,19,,,19,,,20,26,25,25,1,2,41,4,2,,0.241,NEJ002 Paclitaxel+Carboplatin (EGFR+).xlsx
,,20,,,20,,,21,25,25,25,1,2,43,4,2,,0.194,NEJ002 Paclitaxel+Carboplatin (EGFR+).xlsx
,,21,,,21,,,21,25,24,24,1,2,45,4,2,,0.127,NEJ002 Paclitaxel+Carboplatin (EGFR+).xlsx
,,21,,,21,,,21,24,24,24,1,2,47,4,2,,0.127,NEJ002 Paclitaxel+Carboplatin (EGFR+).xlsx
,,21,,,21,,,21,24,24,24,1,2,49,4,2,,0.127,NEJ002 Paclitaxel+Carboplatin (EGFR+).xlsx
,,28,,,28,,,30,61,60,60,1,2,27,4,1,,0.53,NEJ002 Gefitinib (EGFR+).xlsx
,,30,,,31,,,32,60,60,60,1,2,29,4,1,,0.478,NEJ002 Gefitinib (EGFR+).xlsx
,,32,,,34,,,35,60,60,60,1,2,31,4,1,,0.44,NEJ002 Gefitinib (EGFR+).xlsx
,,35,,,35,,,37,60,60,60,1,2,33,4,1,,0.416,NEJ002 Gefitinib (EGFR+).xlsx
,,37,,,38,,,39,60,60,60,1,2,35,4,1,,0.365,NEJ002 Gefitinib (EGFR+).xlsx
,,39,,,21,,,22,60,32,32,1,2,37,4,1,,0.347,NEJ002 Gefitinib (EGFR+).xlsx
,,22,,,22,,,22,32,31,30,1,2,39,4,1,,0.292,NEJ002 Gefitinib (EGFR+).xlsx
,,22,,,21,,,21,30,28,28,1,2,41,4,1,,0.252,NEJ002 Gefitinib (EGFR+).xlsx
,,21,,,21,,,21,28,28,28,1,2,43,4,1,,0.249,NEJ002 Gefitinib (EGFR+).xlsx
,,21,,,21,,,21,28,28,28,1,2,45,4,1,,0.249,NEJ002 Gefitinib (EGFR+).xlsx
,,21,,,21,,,21,28,28,28,1,2,47,4,1,,0.249,NEJ002 Gefitinib (EGFR+).xlsx
,,21,,,21,,,21,28,28,28,1,2,49,4,1,,0.249,NEJ002 Gefitinib (EGFR+).xlsx
,,21,,,21,,,21,28,28,28,1,2,51,4,1,,0.248,NEJ002 Gefitinib (EGFR+).xlsx
,,98,,,101,,,97,156,156,147,1,2,33,5,1,,0.352,LUXlung_7 Gefitinib (EGFR+).xlsx
,,97,,,97,,,100,147,147,147,1,2,35,5,1,,0.338,LUXlung_7 Gefitinib (EGFR+).xlsx
,,100,,,97,,,98,147,143,142,1,2,37,5,1,,0.322,LUXlung_7 Gefitinib (EGFR+).xlsx
,,98,,,98,,,71,142,142,99,1,2,39,5,1,,0.308,LUXlung_7 Gefitinib (EGFR+).xlsx
,,71,,,72,,,72,99,99,99,1,2,41,5,1,,0.272,LUXlung_7 Gefitinib (EGFR+).xlsx
,,72,,,27,,,26,99,36,34,1,2,43,5,1,,0.249,LUXlung_7 Gefitinib (EGFR+).xlsx
,,78,,,80,,,82,132,132,132,1,2,35,5,2,,0.392,LUXlung_7 Afatinib (EGFR+).xlsx
,,82,,,74,,,74,132,113,112,1,2,37,5,2,,0.345,LUXlung_7 Afatinib (EGFR+).xlsx
,,74,,,76,,,74,112,112,105,1,2,39,5,2,,0.322,LUXlung_7 Afatinib (EGFR+).xlsx
,,26,,,30,,,33,117,117,117,1,2,13,6,2,,0.744,LUXlung_6 Gemcitabine+Cisplatin (EGFR+).xlsx
,,33,,,38,,,43,117,117,116,1,2,15,6,2,,0.673,LUXlung_6 Gemcitabine+Cisplatin (EGFR+).xlsx
,,43,,,43,,,46,116,116,116,1,2,17,6,2,,0.628,LUXlung_6 Gemcitabine+Cisplatin (EGFR+).xlsx
,,46,,,50,,,52,116,115,115,1,2,19,6,2,,0.566,LUXlung_6 Gemcitabine+Cisplatin (EGFR+).xlsx
,,52,,,53,,,54,115,115,115,1,2,21,6,2,,0.537,LUXlung_6 Gemcitabine+Cisplatin (EGFR+).xlsx
,,54,,,56,,,60,115,115,115,1,2,23,6,2,,0.512,LUXlung_6 Gemcitabine+Cisplatin (EGFR+).xlsx
,,60,,,63,,,66,115,112,112,1,2,25,6,2,,0.437,LUXlung_6 Gemcitabine+Cisplatin (EGFR+).xlsx
,,66,,,69,,,67,112,112,106,1,2,27,6,2,,0.382,LUXlung_6 Gemcitabine+Cisplatin (EGFR+).xlsx
,,67,,,69,,,69,106,106,105,1,2,29,6,2,,0.35,LUXlung_6 Gemcitabine+Cisplatin (EGFR+).xlsx
,,69,,,47,,,49,105,70,70,1,2,31,6,2,,0.328,LUXlung_6 Gemcitabine+Cisplatin (EGFR+).xlsx
,,49,,,49,,,31,70,70,43,1,2,33,6,2,,0.3,LUXlung_6 Gemcitabine+Cisplatin (EGFR+).xlsx
,,126,,,120,,,123,238,225,225,1,2,25,6,1,,0.466,LUXlung_6 Afatinib (EGFR+).xlsx
,,123,,,125,,,123,225,225,215,1,2,27,6,1,,0.446,LUXlung_6 Afatinib (EGFR+).xlsx
,,123,,,124,,,128,215,215,215,1,2,29,6,1,,0.421,LUXlung_6 Afatinib (EGFR+).xlsx
,,128,,,96,,,98,215,157,156,1,2,31,6,1,,0.388,LUXlung_6 Afatinib (EGFR+).xlsx
,,98,,,102,,,45,156,156,68,1,2,33,6,1,,0.346,LUXlung_6 Afatinib (EGFR+).xlsx
,,45,,,46,,,47,68,68,67,1,2,35,6,1,,0.32,LUXlung_6 Afatinib (EGFR+).xlsx
,,47,,,28,,,27,67,39,37,1,2,37,6,1,,0.284,LUXlung_6 Afatinib (EGFR+).xlsx
,,34,,,37,,,40,105,104,104,1,2,19,7,2,,0.646,LUXlung_3 Pemetrexed+Cisplatin (EGFR+).xlsx
,,40,,,42,,,44,104,104,104,1,2,21,7,2,,0.597,LUXlung_3 Pemetrexed+Cisplatin (EGFR+).xlsx
,,44,,,45,,,45,104,104,104,1,2,23,7,2,,0.568,LUXlung_3 Pemetrexed+Cisplatin (EGFR+).xlsx
,,45,,,48,,,49,104,104,103,1,2,25,7,2,,0.539,LUXlung_3 Pemetrexed+Cisplatin (EGFR+).xlsx
,,49,,,50,,,50,103,103,101,1,2,27,7,2,,0.511,LUXlung_3 Pemetrexed+Cisplatin (EGFR+).xlsx
,,50,,,53,,,55,101,101,101,1,2,29,7,2,,0.473,LUXlung_3 Pemetrexed+Cisplatin (EGFR+).xlsx
,,55,,,56,,,56,101,99,99,1,2,31,7,2,,0.435,LUXlung_3 Pemetrexed+Cisplatin (EGFR+).xlsx
,,56,,,58,,,49,99,99,81,1,2,33,7,2,,0.414,LUXlung_3 Pemetrexed+Cisplatin (EGFR+).xlsx
,,49,,,50,,,51,81,81,81,1,2,35,7,2,,0.379,LUXlung_3 Pemetrexed+Cisplatin (EGFR+).xlsx
,,51,,,43,,,43,81,67,67,1,2,37,7,2,,0.36,LUXlung_3 Pemetrexed+Cisplatin (EGFR+).xlsx
,,43,,,44,,,25,67,67,38,1,2,39,7,2,,0.344,LUXlung_3 Pemetrexed+Cisplatin (EGFR+).xlsx
,,89,,,95,,,98,218,216,216,1,2,25,7,1,,0.561,LUXlung_3 Afatinib (EGFR+).xlsx
,,98,,,102,,,107,216,216,216,1,2,27,7,1,,0.526,LUXlung_3 Afatinib (EGFR+).xlsx
,,107,,,107,,,109,216,216,216,1,2,29,7,1,,0.503,LUXlung_3 Afatinib (EGFR+).xlsx
,,109,,,113,,,115,216,212,211,1,2,31,7,1,,0.468,LUXlung_3 Afatinib (EGFR+).xlsx
,,115,,,116,,,86,211,211,148,1,2,33,7,1,,0.448,LUXlung_3 Afatinib (EGFR+).xlsx
,,86,,,87,,,88,148,148,148,1,2,35,7,1,,0.412,LUXlung_3 Afatinib (EGFR+).xlsx
,,88,,,76,,,77,148,128,128,1,2,37,7,1,,0.405,LUXlung_3 Afatinib (EGFR+).xlsx
,,77,,,78,,,57,128,128,94,1,2,39,7,1,,0.392,LUXlung_3 Afatinib (EGFR+).xlsx
,,57,,,58,,,61,94,94,93,1,2,41,7,1,,0.385,LUXlung_3 Afatinib (EGFR+).xlsx
,,61,,,18,,,18,93,27,27,1,2,43,7,1,,0.33,LUXlung_3 Afatinib (EGFR+).xlsx
,,62,,,64,,,66,121,121,121,1,2,23,8,1,,0.467,IPASS Gefitinib (EGFR+).xlsx
,,66,,,68,,,71,121,121,121,1,2,25,8,1,,0.438,IPASS Gefitinib (EGFR+).xlsx
,,71,,,71,,,77,121,121,121,1,2,27,8,1,,0.414,IPASS Gefitinib (EGFR+).xlsx
,,77,,,78,,,80,121,121,121,1,2,29,8,1,,0.358,IPASS Gefitinib (EGFR+).xlsx
,,80,,,83,,,84,121,121,121,1,2,31,8,1,,0.311,IPASS Gefitinib (EGFR+).xlsx
,,84,,,72,,,75,121,102,102,1,2,33,8,1,,0.294,IPASS Gefitinib (EGFR+).xlsx
,,75,,,76,,,78,102,102,102,1,2,35,8,1,,0.253,IPASS Gefitinib (EGFR+).xlsx
,,78,,,48,,,47,102,62,60,1,2,37,8,1,,0.226,IPASS Gefitinib (EGFR+).xlsx
,,47,,,46,,,47,60,58,58,1,2,39,8,1,,0.207,IPASS Gefitinib (EGFR+).xlsx
,,47,,,47,,,47,58,57,57,1,2,41,8,1,,0.175,IPASS Gefitinib (EGFR+).xlsx
,,46,,,46,,,51,126,126,126,1,2,17,8,2,,0.635,IPASS Carboplatin+Paclitaxel (EGFR+).xlsx
,,51,,,54,,,57,126,125,125,1,2,19,8,2,,0.567,IPASS Carboplatin+Paclitaxel (EGFR+).xlsx
,,57,,,56,,,59,125,120,119,1,2,21,8,2,,0.534,IPASS Carboplatin+Paclitaxel (EGFR+).xlsx
,,59,,,64,,,65,119,119,119,1,2,23,8,2,,0.466,IPASS Carboplatin+Paclitaxel (EGFR+).xlsx
,,65,,,66,,,67,119,119,119,1,2,25,8,2,,0.449,IPASS Carboplatin+Paclitaxel (EGFR+).xlsx
,,67,,,70,,,72,119,119,119,1,2,27,8,2,,0.415,IPASS Carboplatin+Paclitaxel (EGFR+).xlsx
,,72,,,71,,,72,119,118,118,1,2,29,8,2,,0.397,IPASS Carboplatin+Paclitaxel (EGFR+).xlsx
,,72,,,76,,,78,118,118,118,1,2,31,8,2,,0.354,IPASS Carboplatin+Paclitaxel (EGFR+).xlsx
,,78,,,65,,,65,118,95,95,1,2,33,8,2,,0.316,IPASS Carboplatin+Paclitaxel (EGFR+).xlsx
,,65,,,67,,,68,95,94,94,1,2,35,8,2,,0.287,IPASS Carboplatin+Paclitaxel (EGFR+).xlsx
,,68,,,45,,,45,94,61,61,1,2,37,8,2,,0.264,IPASS Carboplatin+Paclitaxel (EGFR+).xlsx
,,45,,,46,,,46,61,61,61,1,2,39,8,2,,0.241,IPASS Carboplatin+Paclitaxel (EGFR+).xlsx
,,17,,,17,,,18,38,38,38,1,2,23,9,2,,0.55,Han_2017 Carboplatin+Pemetrexed (EGFR+).xlsx
,,18,,,20,,,21,38,38,38,1,2,25,9,2,,0.464,Han_2017 Carboplatin+Pemetrexed (EGFR+).xlsx
,,21,,,22,,,22,38,38,38,1,2,27,9,2,,0.433,Han_2017 Carboplatin+Pemetrexed (EGFR+).xlsx
,,22,,,22,,,22,38,38,38,1,2,29,9,2,,0.424,Han_2017 Carboplatin+Pemetrexed (EGFR+).xlsx
,,22,,,22,,,23,38,38,38,1,2,31,9,2,,0.424,Han_2017 Carboplatin+Pemetrexed (EGFR+).xlsx
,,23,,,24,,,24,38,38,38,1,2,33,9,2,,0.379,Han_2017 Carboplatin+Pemetrexed (EGFR+).xlsx
,,24,,,25,,,25,38,38,38,1,2,35,9,2,,0.35,Han_2017 Carboplatin+Pemetrexed (EGFR+).xlsx
,,25,,,26,,,27,38,38,38,1,2,37,9,2,,0.304,Han_2017 Carboplatin+Pemetrexed (EGFR+).xlsx
,,27,,,27,,,27,38,38,38,1,2,39,9,2,,0.291,Han_2017 Carboplatin+Pemetrexed (EGFR+).xlsx
,,27,,,27,,,27,38,38,38,1,2,41,9,2,,0.291,Han_2017 Carboplatin+Pemetrexed (EGFR+).xlsx
,,27,,,27,,,27,38,38,38,1,2,43,9,2,,0.291,Han_2017 Carboplatin+Pemetrexed (EGFR+).xlsx
,,27,,,27,,,27,38,38,38,1,2,45,9,2,,0.291,Han_2017 Carboplatin+Pemetrexed (EGFR+).xlsx
,,27,,,28,,,29,38,38,38,1,2,47,9,2,,0.272,Han_2017 Carboplatin+Pemetrexed (EGFR+).xlsx
,,29,,,31,,,31,38,38,38,1,2,49,9,2,,0.196,Han_2017 Carboplatin+Pemetrexed (EGFR+).xlsx
,,31,,,31,,,31,38,38,38,1,2,51,9,2,,0.196,Han_2017 Carboplatin+Pemetrexed (EGFR+).xlsx
,,3,,,4,,,4,16,16,16,1,2,13,11,2,,0.778,FirstSIGNAL Gemcitabine+Cisplatin (EGFR+).xlsx
,,4,,,4,,,5,16,16,16,1,2,15,11,2,,0.72,FirstSIGNAL Gemcitabine+Cisplatin (EGFR+).xlsx
,,5,,,5,,,6,16,16,16,1,2,17,11,2,,0.666,FirstSIGNAL Gemcitabine+Cisplatin (EGFR+).xlsx
,,6,,,6,,,7,16,16,16,1,2,19,11,2,,0.608,FirstSIGNAL Gemcitabine+Cisplatin (EGFR+).xlsx
,,7,,,7,,,7,16,16,16,1,2,21,11,2,,0.563,FirstSIGNAL Gemcitabine+Cisplatin (EGFR+).xlsx
,,7,,,7,,,8,16,16,16,1,2,23,11,2,,0.548,FirstSIGNAL Gemcitabine+Cisplatin (EGFR+).xlsx
,,8,,,8,,,9,16,16,16,1,2,25,11,2,,0.492,FirstSIGNAL Gemcitabine+Cisplatin (EGFR+).xlsx
,,9,,,9,,,10,16,16,16,1,2,27,11,2,,0.428,FirstSIGNAL Gemcitabine+Cisplatin (EGFR+).xlsx
,,10,,,10,,,10,16,16,16,1,2,29,11,2,,0.383,FirstSIGNAL Gemcitabine+Cisplatin (EGFR+).xlsx
,,14,,,14,,,15,26,26,26,1,2,29,11,1,,0.461,FirstSIGNAL Gefitinib (EGFR+).xlsx
,,15,,,17,,,19,26,26,26,1,2,31,11,1,,0.327,FirstSIGNAL Gefitinib (EGFR+).xlsx
,,19,,,20,,,19,26,26,24,1,2,33,11,1,,0.23,FirstSIGNAL Gefitinib (EGFR+).xlsx
,,19,,,20,,,20,24,24,24,1,2,35,11,1,,0.154,FirstSIGNAL Gefitinib (EGFR+).xlsx
,,20,,,20,,,20,24,24,24,1,2,37,11,1,,0.154,FirstSIGNAL Gefitinib (EGFR+).xlsx
,,21,,,21,,,21,29,29,29,1,2,41,12,1,,0.276,EURTAC Erlotinib (EGFR+).xlsx
,,21,,,18,,,18,29,25,25,1,2,43,12,1,,0.276,EURTAC Erlotinib (EGFR+).xlsx
,,18,,,18,,,18,25,25,24,1,2,45,12,1,,0.276,EURTAC Erlotinib (EGFR+).xlsx
,,30,,,32,,,34,82,81,81,1,2,17,12,2,,0.602,EURTAC Chemotherapy (EGFR+).xlsx
,,34,,,38,,,39,81,80,80,1,2,19,12,2,,0.522,EURTAC Chemotherapy (EGFR+).xlsx
,,39,,,40,,,41,80,80,80,1,2,21,12,2,,0.498,EURTAC Chemotherapy (EGFR+).xlsx
,,41,,,42,,,45,80,79,79,1,2,23,12,2,,0.47,EURTAC Chemotherapy (EGFR+).xlsx
,,45,,,41,,,43,79,73,73,1,2,25,12,2,,0.436,EURTAC Chemotherapy (EGFR+).xlsx
,,43,,,43,,,39,73,72,64,1,2,27,12,2,,0.401,EURTAC Chemotherapy (EGFR+).xlsx
,,39,,,39,,,41,64,62,62,1,2,29,12,2,,0.368,EURTAC Chemotherapy (EGFR+).xlsx
,,41,,,37,,,38,62,53,53,1,2,31,12,2,,0.304,EURTAC Chemotherapy (EGFR+).xlsx
,,38,,,38,,,30,53,53,42,1,2,33,12,2,,0.284,EURTAC Chemotherapy (EGFR+).xlsx
,,30,,,30,,,31,42,42,42,1,2,35,12,2,,0.284,EURTAC Chemotherapy (EGFR+).xlsx
,,31,,,23,,,23,42,30,30,1,2,37,12,2,,0.237,EURTAC Chemotherapy (EGFR+).xlsx
,,14,,,15,,,17,96,96,96,1,2,11,13,2,,0.842,ENSURE Gemcitabine+Cisplatin (EGFR+).xlsx
,,17,,,18,,,19,96,96,96,1,2,13,13,2,,0.813,ENSURE Gemcitabine+Cisplatin (EGFR+).xlsx
,,19,,,20,,,22,96,96,96,1,2,15,13,2,,0.793,ENSURE Gemcitabine+Cisplatin (EGFR+).xlsx
,,22,,,25,,,27,96,96,96,1,2,17,13,2,,0.736,ENSURE Gemcitabine+Cisplatin (EGFR+).xlsx
,,27,,,24,,,28,96,78,78,1,2,19,13,2,,0.688,ENSURE Gemcitabine+Cisplatin (EGFR+).xlsx
,,28,,,30,,,33,78,78,78,1,2,21,13,2,,0.613,ENSURE Gemcitabine+Cisplatin (EGFR+).xlsx
,,33,,,35,,,36,78,78,78,1,2,23,13,2,,0.553,ENSURE Gemcitabine+Cisplatin (EGFR+).xlsx
,,36,,,40,,,42,78,78,78,1,2,25,13,2,,0.493,ENSURE Gemcitabine+Cisplatin (EGFR+).xlsx
,,42,,,43,,,49,78,78,78,1,2,27,13,2,,0.448,ENSURE Gemcitabine+Cisplatin (EGFR+).xlsx
,,19,,,25,,,27,108,108,108,1,2,13,13,1,,0.768,ENSURE Erlotinib (EGFR+).xlsx
,,27,,,29,,,30,108,108,108,1,2,15,13,1,,0.728,ENSURE Erlotinib (EGFR+).xlsx
,,30,,,33,,,38,108,108,108,1,2,17,13,1,,0.691,ENSURE Erlotinib (EGFR+).xlsx
,,38,,,31,,,31,108,82,82,1,2,19,13,1,,0.624,ENSURE Erlotinib (EGFR+).xlsx
,,31,,,31,,,32,82,81,81,1,2,21,13,1,,0.617,ENSURE Erlotinib (EGFR+).xlsx
,,32,,,35,,,37,81,81,81,1,2,23,13,1,,0.572,ENSURE Erlotinib (EGFR+).xlsx
,,37,,,22,,,23,81,46,46,1,2,25,13,1,,0.525,ENSURE Erlotinib (EGFR+).xlsx
,,23,,,25,,,25,46,46,45,1,2,27,13,1,,0.456,ENSURE Erlotinib (EGFR+).xlsx
,,25,,,26,,,26,45,44,44,1,2,29,13,1,,0.407,ENSURE Erlotinib (EGFR+).xlsx
,,26,,,26,,,26,44,44,44,1,2,31,13,1,,0.406,ENSURE Erlotinib (EGFR+).xlsx
,,87,,,62,,,66,199,136,136,1,2,25,14,1,,0.545,ARCHER_1050 Gefitinib (EGFR+).xlsx
,,66,,,69,,,70,136,136,136,1,2,27,14,1,,0.493,ARCHER_1050 Gefitinib (EGFR+).xlsx
,,70,,,72,,,73,136,136,136,1,2,29,14,1,,0.47,ARCHER_1050 Gefitinib (EGFR+).xlsx
,,15,,,16,,,16,32,32,32,1,2,33,14,2,,0.501,ARCHER_1050 Dacomitinib (EGFR+).xlsx
,,16,,,18,,,18,32,32,32,1,2,35,14,2,,0.432,ARCHER_1050 Dacomitinib (EGFR+).xlsx
,,18,,,5,,,5,32,8,8,7,8,43,14,2,,0.364,ARCHER_1050 Dacomitinib (EGFR+).xlsx